reg_no,admin_name,last_action_timestamp
AD-000001,Derek Jones,2025-02-27 23:04:07
AD-000002,Jacob Hardy,2025-01-10 05:45:46
AD-000003,Tammy Davis,2025-02-18 13:41:40
AD-000004,Deanna Stone,2025-02-19 11:18:16
AD-000005,Cynthia Gregory,2025-03-21 04:42:17
AD-000006,John Roberts,2025-02-09 01:08:18
AD-000007,Jessica Peterson,2025-02-19 15:18:56
AD-000008,Rhonda Patton,2025-03-07 19:42:46
AD-000009,Thomas Powers,2025-02-19 08:41:51
AD-000010,Jennifer Coffey,2025-03-26 08:17:45
AD-000011,Kerry Jackson,2025-01-15 17:47:11
AD-000012,Mary Middleton,2025-03-25 18:16:04
AD-000013,Joseph Clark,2025-01-13 02:37:41
AD-000014,Shelly Morse,2025-04-17 12:10:46
AD-000015,Zachary Thomas,2025-01-13 05:20:13
AD-000016,Jennifer Berry,2025-02-09 18:31:33
AD-000017,Jenna Lester,2025-03-05 07:04:24
AD-000018,Cynthia Miller,2025-04-08 20:35:50
AD-000019,David Johnson,2025-01-18 17:01:18
AD-000020,Matthew Howard,2025-03-01 17:38:59
AD-000021,Steve Ferguson,2025-03-26 00:44:07
AD-000022,Jason Lane,2025-01-07 16:44:44
AD-000023,Diana Williams,2025-01-07 00:50:11
AD-000024,Carmen Moore,2025-04-10 20:41:21
AD-000025,Michelle Jackson,2025-01-23 22:36:44
AD-000026,Kristine Barnett,2025-04-17 02:21:39
AD-000027,Jason Murphy,2025-01-04 01:05:34
AD-000028,Alexis Owens,2025-01-15 23:37:20
AD-000029,Phillip Hernandez,2025-02-23 23:50:35
AD-000030,Jennifer Harris,2025-01-06 18:20:23
AD-000031,Kathryn Dean,2025-03-19 16:13:45
AD-000032,Teresa Andrews,2025-03-31 13:05:29
AD-000033,Scott Parrish,2025-04-16 16:20:33
AD-000034,William Tucker,2025-02-27 02:46:15
AD-000035,Teresa Lewis,2025-03-05 11:50:04
AD-000036,James Reyes,2025-04-08 12:21:39
AD-000037,Daniel Conway,2025-02-15 13:49:15
AD-000038,Lisa Dean,2025-02-22 01:14:15
AD-000039,Cheryl Thompson,2025-03-16 20:31:15
AD-000040,Patricia Shepherd,2025-03-11 05:43:21
AD-000041,Phillip Flynn,2025-02-23 10:24:41
AD-000042,Carl Mcgee,2025-04-14 06:56:29
AD-000043,Cassie Rivas,2025-03-28 23:55:12
AD-000044,Jorge Owens,2025-01-26 16:31:11
AD-000045,Joshua Jones,2025-01-04 14:30:43
AD-000046,Christopher Smith,2025-02-18 20:02:12
AD-000047,Tyrone Carlson,2025-03-07 11:38:34
AD-000048,Lindsey Olson,2025-02-28 05:47:26
AD-000049,Michael Hester,2025-02-24 21:25:23
AD-000050,James Davis,2025-02-04 17:37:40
