﻿SRV-000011,deluxe,"Free Wi-Fi, Air Conditioning, Complimentary Breakfast, Swimming Pool, 24-hour Front Desk, Room Service, Mini-Bar, Fitness Center"
SRV-000016,deluxe,"Spa Services, Airport Shuttle, Private Parking, Concierge Service, Pet-Friendly, Smart TV, Bathrobes, Complimentary Toiletries"
SRV-000020,studio,"Kids' Play Area, Childcare Services, Business Center, Meeting Rooms, Coffee Maker, Hairdryer, Safe Deposit Box, Free Bottled Water"
SRV-000024,studio,"Private Beach Access, Golf Course, Rooftop Bar, Sauna, Steam Room, Luxury Linens, Multilingual Staff, Valet Parking"
SRV-000034,studio,"On-site Restaurant, Bar/Lounge, Family Suites, Accessible Rooms, Wheelchair Access, Laundry Service, Tour Desk, Free Parking"
SRV-000044,double,"Complimentary Buffet Breakfast, Room Heating, 24/7 Room Service, Desk and Chair, Cribs Available, Iron and Ironing Board, Poolside Bar, Karaoke Nights"
SRV-000055,studio,"High-Speed Internet, Jacuzzi, Tennis Court, Evening Entertainment, Welcome Drinks, Personalized Check-in, Art Gallery, Library"
SRV-000057,studio,"Infinity Pool, Yoga Classes, Live Music Events, EV Charging Stations, Fireplace in Rooms, Outdoor BBQ Area, Garden, Bicycle Rental"
