reg_no,provider_name,provider_location,provider_type
SP-000001,Rogers-Bennett Services,Normanborough,guide
SP-000002,Olson-Tran Services,Port Hollyside,transport
SP-000003,"Patel, Rasmussen and Villa Services",Jaredville,hotel
SP-000004,Fernandez Ltd Services,Wendyfurt,transport
SP-000005,Andrews Group Services,Claudiashire,hotel
SP-000006,Graves PLC Services,Linburgh,hotel
SP-000007,"Hunter, Rice and Matthews Services",East Elizabethshire,guide
SP-000008,"Benjamin, Henderson and Brown Services",Beardbury,hotel
SP-000009,"Dean, Barnes and Powell Services",South Caleb,hotel
SP-000010,Jackson-Murphy Services,Lake Antonio,hotel
SP-000011,"Wilson, Martinez and Clark Services",North Marytown,guide
SP-000012,Wilson-Vasquez Services,Morganborough,transport
SP-000013,"Anderson, Cooper and Wu Services",New Brittany,transport
SP-000014,"May, Graham and Carr Services",Brittanychester,hotel
SP-000015,Hughes-Washington Services,Williamsbury,guide
SP-000016,Austin LLC Services,Robinton,hotel
SP-000017,Garcia Ltd Services,Lake Sandramouth,transport
SP-000018,Petersen Group Services,North Nicoleville,hotel
SP-000019,Mosley-Ellis Services,New Catherinebury,transport
SP-000020,"Miles, Foster and Frost Services",Port Janet,hotel
SP-000021,Jones Group Services,North Jacqueline,hotel
SP-000022,"Powers, Calhoun and Taylor Services",Port Aliciachester,guide
SP-000023,"Bryant, Adams and Sanchez Services",Nicholasberg,hotel
SP-000024,"Williams, Rojas and Rodriguez Services",East Jacob,hotel
SP-000025,King-Bowers Services,North Chad,transport
SP-000026,Delgado-Espinoza Services,Port Amanda,guide
SP-000027,Heath-Moore Services,New Staceyside,hotel
SP-000028,"Turner, Alexander and Ferguson Services",Jonesside,transport
SP-000029,Le-Jackson Services,Edwardbury,hotel
SP-000030,Allen-Alvarez Services,New Faith,guide
SP-000031,Morrison-Gibson Services,Figueroashire,transport
SP-000032,Ruiz PLC Services,North Ericamouth,hotel
SP-000033,"Green, Parker and Prince Services",New Noah,hotel
SP-000034,Nunez Ltd Services,Port Kyleview,transport
SP-000035,Frank-Thompson Services,Andrewview,transport
SP-000036,Smith-Woodard Services,Smithtown,guide
SP-000037,"Davis, Miller and Daniels Services",Sanchezchester,transport
SP-000038,Martinez-Garcia Services,Harrisonton,hotel
SP-000039,"Smith, Armstrong and Smith Services",Robertside,hotel
SP-000040,"Murphy, Campbell and Bernard Services",Heathermouth,guide
SP-000041,Jones-Wise Services,Hooperbury,hotel
SP-000042,Berger-Myers Services,Lake David,transport
SP-000043,"Wood, Henry and Lee Services",Gloverville,hotel
SP-000044,"Randolph, Young and Heath Services",South Juliefurt,transport
SP-000045,Mccarty PLC Services,Guzmanhaven,hotel
SP-000046,Robinson Ltd Services,Martinezbury,transport
SP-000047,Reed Inc Services,North Barbarachester,hotel
SP-000048,"Clark, Steele and Jennings Services",Joshuachester,transport
SP-000049,Gray-Graves Services,Emilyfurt,guide
SP-000050,Mcneil Inc Services,Michaelside,hotel
