reg_no,operator_name,business_address,website_url
OP-000001,Steele-Lindsey Travels,"6266 Matthew Trafficway, Johnsonchester, ME 98377",http://www.newman.biz/
OP-000002,"Gamble, Lopez and Scott Travels","694 Laura Views Suite 244, West Randall, NM 39675",https://wilson.com/
OP-000003,Morgan Inc Travels,"5017 Lindsay Rue, Thomaston, CO 33836",https://www.ball-griffith.org/
OP-000004,"Chang, Williams and Campbell Travels","7593 Michele Streets Suite 763, Lake Christopher, WI 34463",http://gilmore-lopez.com/
OP-000005,Jones Group Travels,"PSC 2748, Box 4447, APO AE 38006",http://thompson.com/
OP-000006,"Smith, Hansen and Harris Travels","468 Amanda Plains, West Stephanie, AK 31423",https://www.dean.info/
OP-000007,Vega Ltd Travels,"8360 Turner Stravenue, New Josephshire, CT 75762",http://www.gomez.com/
OP-000008,Watts-Farley Travels,"6098 Cheryl Via Apt. 908, North Paul, LA 90502",http://jimenez.com/
OP-000009,Adkins-Porter Travels,"3614 Moody Inlet Suite 422, Stewartfurt, OR 81235",http://palmer.com/
OP-000010,"Williams, Miller and Martinez Travels","66167 Wilkins Row Apt. 777, Brewerstad, GA 12475",https://www.thomas-harris.com/
OP-000011,Mitchell Group Travels,"63426 Courtney Field Suite 565, Lawrencefurt, MS 04840",https://knight.com/
OP-000012,"Morris, Young and Gallagher Travels","5069 Thompson Inlet, Lake Karen, ME 42402",http://davis-cantrell.com/
OP-000013,Williams-Harrison Travels,"653 Clark Glen, East Joseph, AK 40913",http://www.huang-williams.com/
OP-000014,Riley PLC Travels,"97241 Felicia Mews, Johnsonmouth, TX 58196",http://www.chung-hill.com/
OP-000015,"Burton, Peters and King Travels","USNV Spencer, FPO AA 67595",https://www.fitzpatrick.com/
OP-000016,"White, Gallegos and Conley Travels","Unit 7271 Box 2391, DPO AP 52244",http://www.lawson.biz/
OP-000017,Blackwell Inc Travels,"PSC 9845, Box 0977, APO AA 90997",http://www.patel.com/
OP-000018,Johnson-Krueger Travels,"839 Hayes Views, Erinville, CO 18845",https://www.thomas.com/
OP-000019,Johnson Inc Travels,"398 Merritt Crest, Richardtown, AK 31990",https://hernandez.com/
OP-000020,"Chase, Avila and Bates Travels","583 Smith Hills Suite 161, Laurafurt, MN 72208",https://price-hill.info/
OP-000021,Gonzalez-Campbell Travels,"Unit 2071 Box 2745, DPO AP 18223",https://smith.com/
OP-000022,Jackson-Moran Travels,"3155 Rachel Fort Apt. 246, Bushchester, NC 11788",https://www.fitzgerald.com/
OP-000023,"Atkinson, Dixon and Goodman Travels","6335 Vaughan Mill Suite 528, North Annafurt, PA 37011",https://www.levy.net/
OP-000024,"Mills, Simpson and Tate Travels","2532 Werner Fields Apt. 408, Carloston, OH 84968",https://riley.com/
OP-000025,"Lee, Bruce and Williams Travels","USCGC Anderson, FPO AE 22307",http://adkins-bishop.org/
OP-000026,Hale Inc Travels,"919 Lynn Crest, New Christineside, DC 13151",https://bowman.com/
OP-000027,Shah Inc Travels,"69828 Stefanie Green Suite 380, New Jaredport, NE 84993",http://robertson.com/
OP-000028,"Hamilton, Pena and Cooke Travels","174 Cruz Forges Apt. 124, Freyville, SD 50675",https://www.smith.org/
OP-000029,Alexander-Allen Travels,"7067 Romero Junctions Suite 160, Colleenside, NE 58106",https://nelson.com/
OP-000030,Mcconnell-Bennett Travels,"8963 Joseph Turnpike Suite 322, New Maria, MO 16461",https://arnold-hernandez.com/
OP-000031,Anderson-Robinson Travels,"18102 Cindy Forest, Timothyville, MS 80866",http://www.greene.com/
OP-000032,Butler-Hensley Travels,"67353 Thomas Trail, Georgeport, NH 35711",https://www.humphrey.net/
OP-000033,Ortiz PLC Travels,"5499 Bird Pine Suite 438, West Heidiside, ID 03950",https://www.nelson-weber.net/
OP-000034,Baker and Sons Travels,"00533 Jones Drives, Lake Jesus, AZ 25031",https://www.bird.net/
OP-000035,"Willis, Diaz and Patterson Travels","USNS Phillips, FPO AA 52932",https://park.com/
OP-000036,Russell LLC Travels,"06002 Hunt Lodge Apt. 841, Davidshire, WI 77726",https://smith.net/
OP-000037,"Smith, Cross and Bailey Travels","81707 Donna Park Suite 957, West Evanmouth, IN 74840",http://wheeler.org/
OP-000038,Stevens Group Travels,"6030 Bradshaw Prairie Apt. 743, Lake Curtishaven, OR 57315",http://www.flores-dunlap.com/
OP-000039,Oliver-Green Travels,"339 Rebecca Center, Davidfort, WA 32685",http://www.smith.com/
OP-000040,Johnson-Meyers Travels,"57056 Micheal Tunnel Suite 833, Melendezshire, WI 05570",https://www.gill-singh.com/
OP-000041,Cole PLC Travels,"8624 Brittany Cape, Kirkburgh, NV 25419",http://www.campbell-reynolds.com/
OP-000042,Rivera-Burnett Travels,"457 David Rest Suite 519, Suzannefort, GA 70401",http://www.yu.biz/
OP-000043,Hernandez-Booth Travels,"USNV Simmons, FPO AP 09892",http://www.williams.com/
OP-000044,Alexander-Dawson Travels,"2933 Paige Drives, Tateview, MO 63960",https://vazquez.com/
OP-000045,Skinner-Allen Travels,"969 Parks Circles Suite 997, East Brittany, MT 90986",http://arnold-ho.biz/
OP-000046,Liu-Berry Travels,"9874 Elliott Plains, East Kyle, ME 15187",https://www.jackson-sims.org/
OP-000047,"Bright, Vega and Reynolds Travels","142 Kelly Harbor Apt. 181, Amandabury, KS 46020",https://garrison.com/
OP-000048,Mitchell PLC Travels,"80420 Cooper Mission Apt. 777, Elizabethport, NY 82610",https://www.zimmerman-flores.net/
OP-000049,"Johnson, Conley and Decker Travels","PSC 0401, Box 5103, APO AE 57520",http://www.owens.net/
OP-000050,Phillips-Stewart Travels,"445 French Isle Suite 482, Lake Laura, UT 67394",http://www.higgins.com/
